alignment position	wildtype amino acid	resistant/intermediate mutations	susceptible mutations	resistant/intermediate stop frequency	susceptible stop frequency	total	resistant/intermediate	susceptible	total_mutations	resistant/intermediate_freq	susceptible_freq	total_freq	resistant/intermediate_percent	susceptible_percent	total_percent
1	M	X		0.000000	0.000000	1	1	0	1	0.037037	0.000000	0.008000	3.70	0.00	0.80
2	A		E	0.000000	0.000000	1	0	1	1	0.000000	0.010204	0.008000	0.00	1.02	0.80
3	V			0.000000	0.000000	0	0	0	0	0.000000	0.000000	0.000000	0.00	0.00	0.00
4	I			0.000000	0.000000	0	0	0	0	0.000000	0.000000	0.000000	0.00	0.00	0.00
5	S			0.000000	0.000000	0	0	0	0	0.000000	0.000000	0.000000	0.00	0.00	0.00
6	M			0.000000	0.000000	0	0	0	0	0.000000	0.000000	0.000000	0.00	0.00	0.00
7	K			0.000000	0.000000	0	0	0	0	0.000000	0.000000	0.000000	0.00	0.00	0.00
8	Q		H	0.000000	0.000000	1	0	1	1	0.000000	0.010204	0.008000	0.00	1.02	0.80
9	L			0.000000	0.000000	0	0	0	0	0.000000	0.000000	0.000000	0.00	0.00	0.00
10	L			0.000000	0.000000	0	0	0	0	0.000000	0.000000	0.000000	0.00	0.00	0.00
11	E			0.000000	0.000000	0	0	0	0	0.000000	0.000000	0.000000	0.00	0.00	0.00
12	A			0.000000	0.000000	0	0	0	0	0.000000	0.000000	0.000000	0.00	0.00	0.00
13	G			0.000000	0.000000	0	0	0	0	0.000000	0.000000	0.000000	0.00	0.00	0.00
14	V			0.000000	0.000000	0	0	0	0	0.000000	0.000000	0.000000	0.00	0.00	0.00
15	H			0.000000	0.000000	0	0	0	0	0.000000	0.000000	0.000000	0.00	0.00	0.00
16	F			0.000000	0.000000	0	0	0	0	0.000000	0.000000	0.000000	0.00	0.00	0.00
17	G			0.000000	0.000000	0	0	0	0	0.000000	0.000000	0.000000	0.00	0.00	0.00
18	H			0.000000	0.000000	0	0	0	0	0.000000	0.000000	0.000000	0.00	0.00	0.00
19	Q			0.000000	0.000000	0	0	0	0	0.000000	0.000000	0.000000	0.00	0.00	0.00
20	T			0.000000	0.000000	0	0	0	0	0.000000	0.000000	0.000000	0.00	0.00	0.00
21	R			0.000000	0.000000	0	0	0	0	0.000000	0.000000	0.000000	0.00	0.00	0.00
22	R			0.000000	0.000000	0	0	0	0	0.000000	0.000000	0.000000	0.00	0.00	0.00
23	W			0.000000	0.000000	0	0	0	0	0.000000	0.000000	0.000000	0.00	0.00	0.00
24	N			0.000000	0.000000	0	0	0	0	0.000000	0.000000	0.000000	0.00	0.00	0.00
25	P			0.000000	0.000000	0	0	0	0	0.000000	0.000000	0.000000	0.00	0.00	0.00
26	K			0.000000	0.000000	0	0	0	0	0.000000	0.000000	0.000000	0.00	0.00	0.00
27	M			0.000000	0.000000	0	0	0	0	0.000000	0.000000	0.000000	0.00	0.00	0.00
28	K			0.000000	0.000000	0	0	0	0	0.000000	0.000000	0.000000	0.00	0.00	0.00
29	K			0.000000	0.000000	0	0	0	0	0.000000	0.000000	0.000000	0.00	0.00	0.00
30	Y			0.000000	0.000000	0	0	0	0	0.000000	0.000000	0.000000	0.00	0.00	0.00
31	I			0.000000	0.000000	0	0	0	0	0.000000	0.000000	0.000000	0.00	0.00	0.00
32	F			0.000000	0.000000	0	0	0	0	0.000000	0.000000	0.000000	0.00	0.00	0.00
33	T			0.000000	0.000000	0	0	0	0	0.000000	0.000000	0.000000	0.00	0.00	0.00
34	E			0.000000	0.000000	0	0	0	0	0.000000	0.000000	0.000000	0.00	0.00	0.00
35	R			0.000000	0.000000	0	0	0	0	0.000000	0.000000	0.000000	0.00	0.00	0.00
36	N			0.000000	0.000000	0	0	0	0	0.000000	0.000000	0.000000	0.00	0.00	0.00
37	G			0.000000	0.000000	0	0	0	0	0.000000	0.000000	0.000000	0.00	0.00	0.00
38	I			0.000000	0.000000	0	0	0	0	0.000000	0.000000	0.000000	0.00	0.00	0.00
39	Y			0.000000	0.000000	0	0	0	0	0.000000	0.000000	0.000000	0.00	0.00	0.00
40	I			0.000000	0.000000	0	0	0	0	0.000000	0.000000	0.000000	0.00	0.00	0.00
41	I			0.000000	0.000000	0	0	0	0	0.000000	0.000000	0.000000	0.00	0.00	0.00
42	D			0.000000	0.000000	0	0	0	0	0.000000	0.000000	0.000000	0.00	0.00	0.00
43	L			0.000000	0.000000	0	0	0	0	0.000000	0.000000	0.000000	0.00	0.00	0.00
44	Q			0.000000	0.000000	0	0	0	0	0.000000	0.000000	0.000000	0.00	0.00	0.00
45	K			0.000000	0.000000	0	0	0	0	0.000000	0.000000	0.000000	0.00	0.00	0.00
46	T			0.000000	0.000000	0	0	0	0	0.000000	0.000000	0.000000	0.00	0.00	0.00
47	V		A	0.000000	0.000000	1	0	1	1	0.000000	0.010204	0.008000	0.00	1.02	0.80
48	K		R	0.000000	0.000000	1	0	1	1	0.000000	0.010204	0.008000	0.00	1.02	0.80
49	K			0.000000	0.000000	0	0	0	0	0.000000	0.000000	0.000000	0.00	0.00	0.00
50	V			0.000000	0.000000	0	0	0	0	0.000000	0.000000	0.000000	0.00	0.00	0.00
51	D			0.000000	0.000000	0	0	0	0	0.000000	0.000000	0.000000	0.00	0.00	0.00
52	E			0.000000	0.000000	0	0	0	0	0.000000	0.000000	0.000000	0.00	0.00	0.00
53	A			0.000000	0.000000	0	0	0	0	0.000000	0.000000	0.000000	0.00	0.00	0.00
54	Y			0.000000	0.000000	0	0	0	0	0.000000	0.000000	0.000000	0.00	0.00	0.00
55	N			0.000000	0.000000	0	0	0	0	0.000000	0.000000	0.000000	0.00	0.00	0.00
56	F			0.000000	0.000000	0	0	0	0	0.000000	0.000000	0.000000	0.00	0.00	0.00
57	L			0.000000	0.000000	0	0	0	0	0.000000	0.000000	0.000000	0.00	0.00	0.00
58	K			0.000000	0.000000	0	0	0	0	0.000000	0.000000	0.000000	0.00	0.00	0.00
59	Q			0.000000	0.000000	0	0	0	0	0.000000	0.000000	0.000000	0.00	0.00	0.00
60	V			0.000000	0.000000	0	0	0	0	0.000000	0.000000	0.000000	0.00	0.00	0.00
61	S			0.000000	0.000000	0	0	0	0	0.000000	0.000000	0.000000	0.00	0.00	0.00
62	E			0.000000	0.000000	0	0	0	0	0.000000	0.000000	0.000000	0.00	0.00	0.00
63	D			0.000000	0.000000	0	0	0	0	0.000000	0.000000	0.000000	0.00	0.00	0.00
64	G			0.000000	0.000000	0	0	0	0	0.000000	0.000000	0.000000	0.00	0.00	0.00
65	G			0.000000	0.000000	0	0	0	0	0.000000	0.000000	0.000000	0.00	0.00	0.00
66	Q			0.000000	0.000000	0	0	0	0	0.000000	0.000000	0.000000	0.00	0.00	0.00
67	V			0.000000	0.000000	0	0	0	0	0.000000	0.000000	0.000000	0.00	0.00	0.00
68	L			0.000000	0.000000	0	0	0	0	0.000000	0.000000	0.000000	0.00	0.00	0.00
69	F			0.000000	0.000000	0	0	0	0	0.000000	0.000000	0.000000	0.00	0.00	0.00
70	V			0.000000	0.000000	0	0	0	0	0.000000	0.000000	0.000000	0.00	0.00	0.00
71	G			0.000000	0.000000	0	0	0	0	0.000000	0.000000	0.000000	0.00	0.00	0.00
72	T			0.000000	0.000000	0	0	0	0	0.000000	0.000000	0.000000	0.00	0.00	0.00
73	K			0.000000	0.000000	0	0	0	0	0.000000	0.000000	0.000000	0.00	0.00	0.00
74	K			0.000000	0.000000	0	0	0	0	0.000000	0.000000	0.000000	0.00	0.00	0.00
75	Q			0.000000	0.000000	0	0	0	0	0.000000	0.000000	0.000000	0.00	0.00	0.00
76	A			0.000000	0.000000	0	0	0	0	0.000000	0.000000	0.000000	0.00	0.00	0.00
77	Q			0.000000	0.000000	0	0	0	0	0.000000	0.000000	0.000000	0.00	0.00	0.00
78	E			0.000000	0.000000	0	0	0	0	0.000000	0.000000	0.000000	0.00	0.00	0.00
79	S			0.000000	0.000000	0	0	0	0	0.000000	0.000000	0.000000	0.00	0.00	0.00
80	V			0.000000	0.000000	0	0	0	0	0.000000	0.000000	0.000000	0.00	0.00	0.00
81	K			0.000000	0.000000	0	0	0	0	0.000000	0.000000	0.000000	0.00	0.00	0.00
82	S			0.000000	0.000000	0	0	0	0	0.000000	0.000000	0.000000	0.00	0.00	0.00
83	E			0.000000	0.000000	0	0	0	0	0.000000	0.000000	0.000000	0.00	0.00	0.00
84	A			0.000000	0.000000	0	0	0	0	0.000000	0.000000	0.000000	0.00	0.00	0.00
85	E			0.000000	0.000000	0	0	0	0	0.000000	0.000000	0.000000	0.00	0.00	0.00
86	R			0.000000	0.000000	0	0	0	0	0.000000	0.000000	0.000000	0.00	0.00	0.00
87	A			0.000000	0.000000	0	0	0	0	0.000000	0.000000	0.000000	0.00	0.00	0.00
88	G		S	0.000000	0.000000	1	0	1	1	0.000000	0.010204	0.008000	0.00	1.02	0.80
89	Q			0.000000	0.000000	0	0	0	0	0.000000	0.000000	0.000000	0.00	0.00	0.00
90	F			0.000000	0.000000	0	0	0	0	0.000000	0.000000	0.000000	0.00	0.00	0.00
91	Y			0.000000	0.000000	0	0	0	0	0.000000	0.000000	0.000000	0.00	0.00	0.00
92	I			0.000000	0.000000	0	0	0	0	0.000000	0.000000	0.000000	0.00	0.00	0.00
93	N			0.000000	0.000000	0	0	0	0	0.000000	0.000000	0.000000	0.00	0.00	0.00
94	Q			0.000000	0.000000	0	0	0	0	0.000000	0.000000	0.000000	0.00	0.00	0.00
95	R			0.000000	0.000000	0	0	0	0	0.000000	0.000000	0.000000	0.00	0.00	0.00
96	W			0.000000	0.000000	0	0	0	0	0.000000	0.000000	0.000000	0.00	0.00	0.00
97	L			0.000000	0.000000	0	0	0	0	0.000000	0.000000	0.000000	0.00	0.00	0.00
98	G			0.000000	0.000000	0	0	0	0	0.000000	0.000000	0.000000	0.00	0.00	0.00
99	G			0.000000	0.000000	0	0	0	0	0.000000	0.000000	0.000000	0.00	0.00	0.00
100	L			0.000000	0.000000	0	0	0	0	0.000000	0.000000	0.000000	0.00	0.00	0.00
101	L			0.000000	0.000000	0	0	0	0	0.000000	0.000000	0.000000	0.00	0.00	0.00
102	T			0.000000	0.000000	0	0	0	0	0.000000	0.000000	0.000000	0.00	0.00	0.00
103	N			0.000000	0.000000	0	0	0	0	0.000000	0.000000	0.000000	0.00	0.00	0.00
104	Y			0.000000	0.000000	0	0	0	0	0.000000	0.000000	0.000000	0.00	0.00	0.00
105	K			0.000000	0.000000	0	0	0	0	0.000000	0.000000	0.000000	0.00	0.00	0.00
106	T			0.000000	0.000000	0	0	0	0	0.000000	0.000000	0.000000	0.00	0.00	0.00
107	I			0.000000	0.000000	0	0	0	0	0.000000	0.000000	0.000000	0.00	0.00	0.00
108	S			0.000000	0.000000	0	0	0	0	0.000000	0.000000	0.000000	0.00	0.00	0.00
109	K			0.000000	0.000000	0	0	0	0	0.000000	0.000000	0.000000	0.00	0.00	0.00
110	R			0.000000	0.000000	0	0	0	0	0.000000	0.000000	0.000000	0.00	0.00	0.00
111	I			0.000000	0.000000	0	0	0	0	0.000000	0.000000	0.000000	0.00	0.00	0.00
112	K			0.000000	0.000000	0	0	0	0	0.000000	0.000000	0.000000	0.00	0.00	0.00
113	R			0.000000	0.000000	0	0	0	0	0.000000	0.000000	0.000000	0.00	0.00	0.00
114	I			0.000000	0.000000	0	0	0	0	0.000000	0.000000	0.000000	0.00	0.00	0.00
115	S			0.000000	0.000000	0	0	0	0	0.000000	0.000000	0.000000	0.00	0.00	0.00
116	E			0.000000	0.000000	0	0	0	0	0.000000	0.000000	0.000000	0.00	0.00	0.00
117	I			0.000000	0.000000	0	0	0	0	0.000000	0.000000	0.000000	0.00	0.00	0.00
118	E			0.000000	0.000000	0	0	0	0	0.000000	0.000000	0.000000	0.00	0.00	0.00
119	K			0.000000	0.000000	0	0	0	0	0.000000	0.000000	0.000000	0.00	0.00	0.00
120	M			0.000000	0.000000	0	0	0	0	0.000000	0.000000	0.000000	0.00	0.00	0.00
121	E			0.000000	0.000000	0	0	0	0	0.000000	0.000000	0.000000	0.00	0.00	0.00
122	E			0.000000	0.000000	0	0	0	0	0.000000	0.000000	0.000000	0.00	0.00	0.00
123	D			0.000000	0.000000	0	0	0	0	0.000000	0.000000	0.000000	0.00	0.00	0.00
124	G			0.000000	0.000000	0	0	0	0	0.000000	0.000000	0.000000	0.00	0.00	0.00
125	L			0.000000	0.000000	0	0	0	0	0.000000	0.000000	0.000000	0.00	0.00	0.00
126	F			0.000000	0.000000	0	0	0	0	0.000000	0.000000	0.000000	0.00	0.00	0.00
127	E			0.000000	0.000000	0	0	0	0	0.000000	0.000000	0.000000	0.00	0.00	0.00
128	V			0.000000	0.000000	0	0	0	0	0.000000	0.000000	0.000000	0.00	0.00	0.00
129	L			0.000000	0.000000	0	0	0	0	0.000000	0.000000	0.000000	0.00	0.00	0.00
130	P			0.000000	0.000000	0	0	0	0	0.000000	0.000000	0.000000	0.00	0.00	0.00
131	K			0.000000	0.000000	0	0	0	0	0.000000	0.000000	0.000000	0.00	0.00	0.00
132	K			0.000000	0.000000	0	0	0	0	0.000000	0.000000	0.000000	0.00	0.00	0.00
133	E			0.000000	0.000000	0	0	0	0	0.000000	0.000000	0.000000	0.00	0.00	0.00
134	V			0.000000	0.000000	0	0	0	0	0.000000	0.000000	0.000000	0.00	0.00	0.00
135	V			0.000000	0.000000	0	0	0	0	0.000000	0.000000	0.000000	0.00	0.00	0.00
136	E			0.000000	0.000000	0	0	0	0	0.000000	0.000000	0.000000	0.00	0.00	0.00
137	L			0.000000	0.000000	0	0	0	0	0.000000	0.000000	0.000000	0.00	0.00	0.00
138	K			0.000000	0.000000	0	0	0	0	0.000000	0.000000	0.000000	0.00	0.00	0.00
139	K			0.000000	0.000000	0	0	0	0	0.000000	0.000000	0.000000	0.00	0.00	0.00
140	E			0.000000	0.000000	0	0	0	0	0.000000	0.000000	0.000000	0.00	0.00	0.00
141	Y			0.000000	0.000000	0	0	0	0	0.000000	0.000000	0.000000	0.00	0.00	0.00
142	D			0.000000	0.000000	0	0	0	0	0.000000	0.000000	0.000000	0.00	0.00	0.00
143	R			0.000000	0.000000	0	0	0	0	0.000000	0.000000	0.000000	0.00	0.00	0.00
144	L			0.000000	0.000000	0	0	0	0	0.000000	0.000000	0.000000	0.00	0.00	0.00
145	I			0.000000	0.000000	0	0	0	0	0.000000	0.000000	0.000000	0.00	0.00	0.00
146	K			0.000000	0.000000	0	0	0	0	0.000000	0.000000	0.000000	0.00	0.00	0.00
147	F			0.000000	0.000000	0	0	0	0	0.000000	0.000000	0.000000	0.00	0.00	0.00
148	L			0.000000	0.000000	0	0	0	0	0.000000	0.000000	0.000000	0.00	0.00	0.00
149	G			0.000000	0.000000	0	0	0	0	0.000000	0.000000	0.000000	0.00	0.00	0.00
150	G			0.000000	0.000000	0	0	0	0	0.000000	0.000000	0.000000	0.00	0.00	0.00
151	I			0.000000	0.000000	0	0	0	0	0.000000	0.000000	0.000000	0.00	0.00	0.00
152	R		S	0.000000	0.000000	1	0	1	1	0.000000	0.010204	0.008000	0.00	1.02	0.80
153	D			0.000000	0.000000	0	0	0	0	0.000000	0.000000	0.000000	0.00	0.00	0.00
154	M			0.000000	0.000000	0	0	0	0	0.000000	0.000000	0.000000	0.00	0.00	0.00
155	K			0.000000	0.000000	0	0	0	0	0.000000	0.000000	0.000000	0.00	0.00	0.00
156	S			0.000000	0.000000	0	0	0	0	0.000000	0.000000	0.000000	0.00	0.00	0.00
157	M			0.000000	0.000000	0	0	0	0	0.000000	0.000000	0.000000	0.00	0.00	0.00
158	P			0.000000	0.000000	0	0	0	0	0.000000	0.000000	0.000000	0.00	0.00	0.00
159	Q			0.000000	0.000000	0	0	0	0	0.000000	0.000000	0.000000	0.00	0.00	0.00
160	A			0.000000	0.000000	0	0	0	0	0.000000	0.000000	0.000000	0.00	0.00	0.00
161	L			0.000000	0.000000	0	0	0	0	0.000000	0.000000	0.000000	0.00	0.00	0.00
162	F			0.000000	0.000000	0	0	0	0	0.000000	0.000000	0.000000	0.00	0.00	0.00
163	V			0.000000	0.000000	0	0	0	0	0.000000	0.000000	0.000000	0.00	0.00	0.00
164	V			0.000000	0.000000	0	0	0	0	0.000000	0.000000	0.000000	0.00	0.00	0.00
165	D			0.000000	0.000000	0	0	0	0	0.000000	0.000000	0.000000	0.00	0.00	0.00
166	P			0.000000	0.000000	0	0	0	0	0.000000	0.000000	0.000000	0.00	0.00	0.00
167	R			0.000000	0.000000	0	0	0	0	0.000000	0.000000	0.000000	0.00	0.00	0.00
168	K			0.000000	0.000000	0	0	0	0	0.000000	0.000000	0.000000	0.00	0.00	0.00
169	E			0.000000	0.000000	0	0	0	0	0.000000	0.000000	0.000000	0.00	0.00	0.00
170	R			0.000000	0.000000	0	0	0	0	0.000000	0.000000	0.000000	0.00	0.00	0.00
171	N			0.000000	0.000000	0	0	0	0	0.000000	0.000000	0.000000	0.00	0.00	0.00
172	A			0.000000	0.000000	0	0	0	0	0.000000	0.000000	0.000000	0.00	0.00	0.00
173	I			0.000000	0.000000	0	0	0	0	0.000000	0.000000	0.000000	0.00	0.00	0.00
174	A			0.000000	0.000000	0	0	0	0	0.000000	0.000000	0.000000	0.00	0.00	0.00
175	E			0.000000	0.000000	0	0	0	0	0.000000	0.000000	0.000000	0.00	0.00	0.00
176	A			0.000000	0.000000	0	0	0	0	0.000000	0.000000	0.000000	0.00	0.00	0.00
177	R			0.000000	0.000000	0	0	0	0	0.000000	0.000000	0.000000	0.00	0.00	0.00
178	K			0.000000	0.000000	0	0	0	0	0.000000	0.000000	0.000000	0.00	0.00	0.00
179	L			0.000000	0.000000	0	0	0	0	0.000000	0.000000	0.000000	0.00	0.00	0.00
180	N			0.000000	0.000000	0	0	0	0	0.000000	0.000000	0.000000	0.00	0.00	0.00
181	I			0.000000	0.000000	0	0	0	0	0.000000	0.000000	0.000000	0.00	0.00	0.00
182	P			0.000000	0.000000	0	0	0	0	0.000000	0.000000	0.000000	0.00	0.00	0.00
183	I			0.000000	0.000000	0	0	0	0	0.000000	0.000000	0.000000	0.00	0.00	0.00
184	V			0.000000	0.000000	0	0	0	0	0.000000	0.000000	0.000000	0.00	0.00	0.00
185	G			0.000000	0.000000	0	0	0	0	0.000000	0.000000	0.000000	0.00	0.00	0.00
186	I			0.000000	0.000000	0	0	0	0	0.000000	0.000000	0.000000	0.00	0.00	0.00
187	V			0.000000	0.000000	0	0	0	0	0.000000	0.000000	0.000000	0.00	0.00	0.00
188	D			0.000000	0.000000	0	0	0	0	0.000000	0.000000	0.000000	0.00	0.00	0.00
189	T			0.000000	0.000000	0	0	0	0	0.000000	0.000000	0.000000	0.00	0.00	0.00
190	N			0.000000	0.000000	0	0	0	0	0.000000	0.000000	0.000000	0.00	0.00	0.00
191	C			0.000000	0.000000	0	0	0	0	0.000000	0.000000	0.000000	0.00	0.00	0.00
192	D			0.000000	0.000000	0	0	0	0	0.000000	0.000000	0.000000	0.00	0.00	0.00
193	P			0.000000	0.000000	0	0	0	0	0.000000	0.000000	0.000000	0.00	0.00	0.00
194	D			0.000000	0.000000	0	0	0	0	0.000000	0.000000	0.000000	0.00	0.00	0.00
195	E			0.000000	0.000000	0	0	0	0	0.000000	0.000000	0.000000	0.00	0.00	0.00
196	I			0.000000	0.000000	0	0	0	0	0.000000	0.000000	0.000000	0.00	0.00	0.00
197	D			0.000000	0.000000	0	0	0	0	0.000000	0.000000	0.000000	0.00	0.00	0.00
198	Y	N		0.000000	0.000000	1	1	0	1	0.037037	0.000000	0.008000	3.70	0.00	0.80
199	V			0.000000	0.000000	0	0	0	0	0.000000	0.000000	0.000000	0.00	0.00	0.00
200	I			0.000000	0.000000	0	0	0	0	0.000000	0.000000	0.000000	0.00	0.00	0.00
201	P			0.000000	0.000000	0	0	0	0	0.000000	0.000000	0.000000	0.00	0.00	0.00
202	A			0.000000	0.000000	0	0	0	0	0.000000	0.000000	0.000000	0.00	0.00	0.00
203	N			0.000000	0.000000	0	0	0	0	0.000000	0.000000	0.000000	0.00	0.00	0.00
204	D			0.000000	0.000000	0	0	0	0	0.000000	0.000000	0.000000	0.00	0.00	0.00
205	D			0.000000	0.000000	0	0	0	0	0.000000	0.000000	0.000000	0.00	0.00	0.00
206	A			0.000000	0.000000	0	0	0	0	0.000000	0.000000	0.000000	0.00	0.00	0.00
207	I			0.000000	0.000000	0	0	0	0	0.000000	0.000000	0.000000	0.00	0.00	0.00
208	R			0.000000	0.000000	0	0	0	0	0.000000	0.000000	0.000000	0.00	0.00	0.00
209	A			0.000000	0.000000	0	0	0	0	0.000000	0.000000	0.000000	0.00	0.00	0.00
210	V			0.000000	0.000000	0	0	0	0	0.000000	0.000000	0.000000	0.00	0.00	0.00
211	K			0.000000	0.000000	0	0	0	0	0.000000	0.000000	0.000000	0.00	0.00	0.00
212	L			0.000000	0.000000	0	0	0	0	0.000000	0.000000	0.000000	0.00	0.00	0.00
213	L			0.000000	0.000000	0	0	0	0	0.000000	0.000000	0.000000	0.00	0.00	0.00
214	T			0.000000	0.000000	0	0	0	0	0.000000	0.000000	0.000000	0.00	0.00	0.00
215	A			0.000000	0.000000	0	0	0	0	0.000000	0.000000	0.000000	0.00	0.00	0.00
216	K			0.000000	0.000000	0	0	0	0	0.000000	0.000000	0.000000	0.00	0.00	0.00
217	M			0.000000	0.000000	0	0	0	0	0.000000	0.000000	0.000000	0.00	0.00	0.00
218	A			0.000000	0.000000	0	0	0	0	0.000000	0.000000	0.000000	0.00	0.00	0.00
219	D			0.000000	0.000000	0	0	0	0	0.000000	0.000000	0.000000	0.00	0.00	0.00
220	A			0.000000	0.000000	0	0	0	0	0.000000	0.000000	0.000000	0.00	0.00	0.00
221	I			0.000000	0.000000	0	0	0	0	0.000000	0.000000	0.000000	0.00	0.00	0.00
222	L			0.000000	0.000000	0	0	0	0	0.000000	0.000000	0.000000	0.00	0.00	0.00
223	E			0.000000	0.000000	0	0	0	0	0.000000	0.000000	0.000000	0.00	0.00	0.00
224	G			0.000000	0.000000	0	0	0	0	0.000000	0.000000	0.000000	0.00	0.00	0.00
225	Q			0.000000	0.000000	0	0	0	0	0.000000	0.000000	0.000000	0.00	0.00	0.00
226	Q			0.000000	0.000000	0	0	0	0	0.000000	0.000000	0.000000	0.00	0.00	0.00
227	G			0.000000	0.000000	0	0	0	0	0.000000	0.000000	0.000000	0.00	0.00	0.00
228	V			0.000000	0.000000	0	0	0	0	0.000000	0.000000	0.000000	0.00	0.00	0.00
229	S			0.000000	0.000000	0	0	0	0	0.000000	0.000000	0.000000	0.00	0.00	0.00
230	N			0.000000	0.000000	0	0	0	0	0.000000	0.000000	0.000000	0.00	0.00	0.00
231	E			0.000000	0.000000	0	0	0	0	0.000000	0.000000	0.000000	0.00	0.00	0.00
232	E			0.000000	0.000000	0	0	0	0	0.000000	0.000000	0.000000	0.00	0.00	0.00
233	V			0.000000	0.000000	0	0	0	0	0.000000	0.000000	0.000000	0.00	0.00	0.00
234	A			0.000000	0.000000	0	0	0	0	0.000000	0.000000	0.000000	0.00	0.00	0.00
235	A			0.000000	0.000000	0	0	0	0	0.000000	0.000000	0.000000	0.00	0.00	0.00
236	E			0.000000	0.000000	0	0	0	0	0.000000	0.000000	0.000000	0.00	0.00	0.00
237	Q			0.000000	0.000000	0	0	0	0	0.000000	0.000000	0.000000	0.00	0.00	0.00
238	N			0.000000	0.000000	0	0	0	0	0.000000	0.000000	0.000000	0.00	0.00	0.00
239	I			0.000000	0.000000	0	0	0	0	0.000000	0.000000	0.000000	0.00	0.00	0.00
240	D			0.000000	0.000000	0	0	0	0	0.000000	0.000000	0.000000	0.00	0.00	0.00
241	L			0.000000	0.000000	0	0	0	0	0.000000	0.000000	0.000000	0.00	0.00	0.00
242	D			0.000000	0.000000	0	0	0	0	0.000000	0.000000	0.000000	0.00	0.00	0.00
243	E			0.000000	0.000000	0	0	0	0	0.000000	0.000000	0.000000	0.00	0.00	0.00
244	K			0.000000	0.000000	0	0	0	0	0.000000	0.000000	0.000000	0.00	0.00	0.00
245	E			0.000000	0.000000	0	0	0	0	0.000000	0.000000	0.000000	0.00	0.00	0.00
246	K			0.000000	0.000000	0	0	0	0	0.000000	0.000000	0.000000	0.00	0.00	0.00
247	S			0.000000	0.000000	0	0	0	0	0.000000	0.000000	0.000000	0.00	0.00	0.00
248	E			0.000000	0.000000	0	0	0	0	0.000000	0.000000	0.000000	0.00	0.00	0.00
249	E			0.000000	0.000000	0	0	0	0	0.000000	0.000000	0.000000	0.00	0.00	0.00
250	T			0.000000	0.000000	0	0	0	0	0.000000	0.000000	0.000000	0.00	0.00	0.00
251	E			0.000000	0.000000	0	0	0	0	0.000000	0.000000	0.000000	0.00	0.00	0.00
252	A			0.000000	0.000000	0	0	0	0	0.000000	0.000000	0.000000	0.00	0.00	0.00
253	T			0.000000	0.000000	0	0	0	0	0.000000	0.000000	0.000000	0.00	0.00	0.00
254	E			0.000000	0.000000	0	0	0	0	0.000000	0.000000	0.000000	0.00	0.00	0.00
255	E			0.000000	0.000000	0	0	0	0	0.000000	0.000000	0.000000	0.00	0.00	0.00
256	*			0.000000	0.000000	0	0	0	0	0.000000	0.000000	0.000000	0.00	0.00	0.00
