alignment_position	wildtype	mutations	mutation_count	mutation_rate	nonsense_count	nonsense_rate
1	A		0	0.000000	0	0.000000
2	T		0	0.000000	0	0.000000
3	G		0	0.000000	0	0.000000
4	G		0	0.000000	0	0.000000
5	C	A	1	0.008000	0	0.000000
6	A		0	0.000000	0	0.000000
7	G		0	0.000000	0	0.000000
8	T		0	0.000000	0	0.000000
9	A		0	0.000000	0	0.000000
10	A		0	0.000000	0	0.000000
11	T		0	0.000000	0	0.000000
12	T		0	0.000000	0	0.000000
13	T		0	0.000000	0	0.000000
14	C		0	0.000000	0	0.000000
15	A		0	0.000000	0	0.000000
16	A		0	0.000000	0	0.000000
17	T		0	0.000000	0	0.000000
18	G		0	0.000000	0	0.000000
19	A		0	0.000000	0	0.000000
20	A		0	0.000000	0	0.000000
21	A		0	0.000000	0	0.000000
22	C		0	0.000000	0	0.000000
23	A		0	0.000000	0	0.000000
24	A	T	1	0.008000	0	0.000000
25	T		0	0.000000	0	0.000000
26	T		0	0.000000	0	0.000000
27	A		0	0.000000	0	0.000000
28	C		0	0.000000	0	0.000000
29	T		0	0.000000	0	0.000000
30	A		0	0.000000	0	0.000000
31	G		0	0.000000	0	0.000000
32	A		0	0.000000	0	0.000000
33	A		0	0.000000	0	0.000000
34	G		0	0.000000	0	0.000000
35	C		0	0.000000	0	0.000000
36	G		0	0.000000	0	0.000000
37	G		0	0.000000	0	0.000000
38	G		0	0.000000	0	0.000000
39	T		0	0.000000	0	0.000000
40	G		0	0.000000	0	0.000000
41	T		0	0.000000	0	0.000000
42	T		0	0.000000	0	0.000000
43	C		0	0.000000	0	0.000000
44	A		0	0.000000	0	0.000000
45	C		0	0.000000	0	0.000000
46	T		0	0.000000	0	0.000000
47	T		0	0.000000	0	0.000000
48	C		0	0.000000	0	0.000000
49	G		0	0.000000	0	0.000000
50	G		0	0.000000	0	0.000000
51	T		0	0.000000	0	0.000000
52	C		0	0.000000	0	0.000000
53	A		0	0.000000	0	0.000000
54	C		0	0.000000	0	0.000000
55	C		0	0.000000	0	0.000000
56	A		0	0.000000	0	0.000000
57	A		0	0.000000	0	0.000000
58	A		0	0.000000	0	0.000000
59	C		0	0.000000	0	0.000000
60	A		0	0.000000	0	0.000000
61	C		0	0.000000	0	0.000000
62	G		0	0.000000	0	0.000000
63	T		0	0.000000	0	0.000000
64	C		0	0.000000	0	0.000000
65	G		0	0.000000	0	0.000000
66	T		0	0.000000	0	0.000000
67	T		0	0.000000	0	0.000000
68	G		0	0.000000	0	0.000000
69	G		0	0.000000	0	0.000000
70	A		0	0.000000	0	0.000000
71	A		0	0.000000	0	0.000000
72	C		0	0.000000	0	0.000000
73	C		0	0.000000	0	0.000000
74	C		0	0.000000	0	0.000000
75	A		0	0.000000	0	0.000000
76	A		0	0.000000	0	0.000000
77	A		0	0.000000	0	0.000000
78	A		0	0.000000	0	0.000000
79	A		0	0.000000	0	0.000000
80	T		0	0.000000	0	0.000000
81	G		0	0.000000	0	0.000000
82	A		0	0.000000	0	0.000000
83	A		0	0.000000	0	0.000000
84	A		0	0.000000	0	0.000000
85	A		0	0.000000	0	0.000000
86	A		0	0.000000	0	0.000000
87	A		0	0.000000	0	0.000000
88	T		0	0.000000	0	0.000000
89	A		0	0.000000	0	0.000000
90	T		0	0.000000	0	0.000000
91	A		0	0.000000	0	0.000000
92	T		0	0.000000	0	0.000000
93	C		0	0.000000	0	0.000000
94	T		0	0.000000	0	0.000000
95	T		0	0.000000	0	0.000000
96	C		0	0.000000	0	0.000000
97	A		0	0.000000	0	0.000000
98	C		0	0.000000	0	0.000000
99	T		0	0.000000	0	0.000000
100	G		0	0.000000	0	0.000000
101	A		0	0.000000	0	0.000000
102	G		0	0.000000	0	0.000000
103	A		0	0.000000	0	0.000000
104	G		0	0.000000	0	0.000000
105	A		0	0.000000	0	0.000000
106	A		0	0.000000	0	0.000000
107	A		0	0.000000	0	0.000000
108	T		0	0.000000	0	0.000000
109	G		0	0.000000	0	0.000000
110	G		0	0.000000	0	0.000000
111	T		0	0.000000	0	0.000000
112	A		0	0.000000	0	0.000000
113	T		0	0.000000	0	0.000000
114	T		0	0.000000	0	0.000000
115	T		0	0.000000	0	0.000000
116	A		0	0.000000	0	0.000000
117	T		0	0.000000	0	0.000000
118	A		0	0.000000	0	0.000000
119	T		0	0.000000	0	0.000000
120	C		0	0.000000	0	0.000000
121	A		0	0.000000	0	0.000000
122	T		0	0.000000	0	0.000000
123	C		0	0.000000	0	0.000000
124	G		0	0.000000	0	0.000000
125	A		0	0.000000	0	0.000000
126	C		0	0.000000	0	0.000000
127	T		0	0.000000	0	0.000000
128	T		0	0.000000	0	0.000000
129	A		0	0.000000	0	0.000000
130	C		0	0.000000	0	0.000000
131	A		0	0.000000	0	0.000000
132	A		0	0.000000	0	0.000000
133	A		0	0.000000	0	0.000000
134	A		0	0.000000	0	0.000000
135	A		0	0.000000	0	0.000000
136	A		0	0.000000	0	0.000000
137	C		0	0.000000	0	0.000000
138	A		0	0.000000	0	0.000000
139	G		0	0.000000	0	0.000000
140	T	C	1	0.008000	0	0.000000
141	G		0	0.000000	0	0.000000
142	A		0	0.000000	0	0.000000
143	A	G	1	0.008000	0	0.000000
144	A		0	0.000000	0	0.000000
145	A		0	0.000000	0	0.000000
146	A		0	0.000000	0	0.000000
147	A		0	0.000000	0	0.000000
148	G		0	0.000000	0	0.000000
149	T		0	0.000000	0	0.000000
150	A		0	0.000000	0	0.000000
151	G		0	0.000000	0	0.000000
152	A		0	0.000000	0	0.000000
153	C	T	1	0.008000	0	0.000000
154	G		0	0.000000	0	0.000000
155	A		0	0.000000	0	0.000000
156	G		0	0.000000	0	0.000000
157	G		0	0.000000	0	0.000000
158	C		0	0.000000	0	0.000000
159	A		0	0.000000	0	0.000000
160	T		0	0.000000	0	0.000000
161	A		0	0.000000	0	0.000000
162	C		0	0.000000	0	0.000000
163	A		0	0.000000	0	0.000000
164	A		0	0.000000	0	0.000000
165	C		0	0.000000	0	0.000000
166	T		0	0.000000	0	0.000000
167	T		0	0.000000	0	0.000000
168	C		0	0.000000	0	0.000000
169	T		0	0.000000	0	0.000000
170	T		0	0.000000	0	0.000000
171	G		0	0.000000	0	0.000000
172	A		0	0.000000	0	0.000000
173	A		0	0.000000	0	0.000000
174	A		0	0.000000	0	0.000000
175	C		0	0.000000	0	0.000000
176	A		0	0.000000	0	0.000000
177	A		0	0.000000	0	0.000000
178	G		0	0.000000	0	0.000000
179	T		0	0.000000	0	0.000000
180	T		0	0.000000	0	0.000000
181	T		0	0.000000	0	0.000000
182	C		0	0.000000	0	0.000000
183	A		0	0.000000	0	0.000000
184	G		0	0.000000	0	0.000000
185	A		0	0.000000	0	0.000000
186	A		0	0.000000	0	0.000000
187	G		0	0.000000	0	0.000000
188	A		0	0.000000	0	0.000000
189	T		0	0.000000	0	0.000000
190	G		0	0.000000	0	0.000000
191	G		0	0.000000	0	0.000000
192	T		0	0.000000	0	0.000000
193	G		0	0.000000	0	0.000000
194	G		0	0.000000	0	0.000000
195	A		0	0.000000	0	0.000000
196	C		0	0.000000	0	0.000000
197	A		0	0.000000	0	0.000000
198	A		0	0.000000	0	0.000000
199	G		0	0.000000	0	0.000000
200	T		0	0.000000	0	0.000000
201	C		0	0.000000	0	0.000000
202	T		0	0.000000	0	0.000000
203	T		0	0.000000	0	0.000000
204	A		0	0.000000	0	0.000000
205	T		0	0.000000	0	0.000000
206	T		0	0.000000	0	0.000000
207	T	C	1	0.008000	0	0.000000
208	G		0	0.000000	0	0.000000
209	T		0	0.000000	0	0.000000
210	A		0	0.000000	0	0.000000
211	G		0	0.000000	0	0.000000
212	G		0	0.000000	0	0.000000
213	A		0	0.000000	0	0.000000
214	A		0	0.000000	0	0.000000
215	C		0	0.000000	0	0.000000
216	T		0	0.000000	0	0.000000
217	A		0	0.000000	0	0.000000
218	A		0	0.000000	0	0.000000
219	A		0	0.000000	0	0.000000
220	A		0	0.000000	0	0.000000
221	A		0	0.000000	0	0.000000
222	A		0	0.000000	0	0.000000
223	C		0	0.000000	0	0.000000
224	A		0	0.000000	0	0.000000
225	A		0	0.000000	0	0.000000
226	G		0	0.000000	0	0.000000
227	C		0	0.000000	0	0.000000
228	A		0	0.000000	0	0.000000
229	C		0	0.000000	0	0.000000
230	A		0	0.000000	0	0.000000
231	A		0	0.000000	0	0.000000
232	G		0	0.000000	0	0.000000
233	A		0	0.000000	0	0.000000
234	A		0	0.000000	0	0.000000
235	T		0	0.000000	0	0.000000
236	C		0	0.000000	0	0.000000
237	A		0	0.000000	0	0.000000
238	G		0	0.000000	0	0.000000
239	T		0	0.000000	0	0.000000
240	T		0	0.000000	0	0.000000
241	A		0	0.000000	0	0.000000
242	A		0	0.000000	0	0.000000
243	A		0	0.000000	0	0.000000
244	T		0	0.000000	0	0.000000
245	C		0	0.000000	0	0.000000
246	T		0	0.000000	0	0.000000
247	G		0	0.000000	0	0.000000
248	A		0	0.000000	0	0.000000
249	A		0	0.000000	0	0.000000
250	G		0	0.000000	0	0.000000
251	C		0	0.000000	0	0.000000
252	A		0	0.000000	0	0.000000
253	G		0	0.000000	0	0.000000
254	A		0	0.000000	0	0.000000
255	A		0	0.000000	0	0.000000
256	C		0	0.000000	0	0.000000
257	G		0	0.000000	0	0.000000
258	T		0	0.000000	0	0.000000
259	G		0	0.000000	0	0.000000
260	C		0	0.000000	0	0.000000
261	T		0	0.000000	0	0.000000
262	G	A	1	0.008000	0	0.000000
263	G		0	0.000000	0	0.000000
264	T		0	0.000000	0	0.000000
265	C		0	0.000000	0	0.000000
266	A		0	0.000000	0	0.000000
267	A		0	0.000000	0	0.000000
268	T		0	0.000000	0	0.000000
269	T		0	0.000000	0	0.000000
270	C		0	0.000000	0	0.000000
271	T		0	0.000000	0	0.000000
272	A		0	0.000000	0	0.000000
273	C		0	0.000000	0	0.000000
274	A		0	0.000000	0	0.000000
275	T		0	0.000000	0	0.000000
276	T		0	0.000000	0	0.000000
277	A		0	0.000000	0	0.000000
278	A		0	0.000000	0	0.000000
279	C		0	0.000000	0	0.000000
280	C		0	0.000000	0	0.000000
281	A		0	0.000000	0	0.000000
282	A		0	0.000000	0	0.000000
283	A		0	0.000000	0	0.000000
284	G		0	0.000000	0	0.000000
285	A		0	0.000000	0	0.000000
286	T		0	0.000000	0	0.000000
287	G		0	0.000000	0	0.000000
288	G		0	0.000000	0	0.000000
289	T		0	0.000000	0	0.000000
290	T		0	0.000000	0	0.000000
291	A		0	0.000000	0	0.000000
292	G		0	0.000000	0	0.000000
293	G		0	0.000000	0	0.000000
294	T		0	0.000000	0	0.000000
295	G		0	0.000000	0	0.000000
296	G		0	0.000000	0	0.000000
297	A		0	0.000000	0	0.000000
298	T		0	0.000000	0	0.000000
299	T		0	0.000000	0	0.000000
300	A		0	0.000000	0	0.000000
301	T		0	0.000000	0	0.000000
302	T		0	0.000000	0	0.000000
303	A		0	0.000000	0	0.000000
304	A		0	0.000000	0	0.000000
305	C		0	0.000000	0	0.000000
306	T		0	0.000000	0	0.000000
307	A		0	0.000000	0	0.000000
308	A		0	0.000000	0	0.000000
309	C		0	0.000000	0	0.000000
310	T		0	0.000000	0	0.000000
311	A		0	0.000000	0	0.000000
312	T		0	0.000000	0	0.000000
313	A		0	0.000000	0	0.000000
314	A		0	0.000000	0	0.000000
315	A		0	0.000000	0	0.000000
316	A		0	0.000000	0	0.000000
317	C		0	0.000000	0	0.000000
318	G	A	1	0.008000	0	0.000000
319	A		0	0.000000	0	0.000000
320	T		0	0.000000	0	0.000000
321	C	T	1	0.008000	0	0.000000
322	T		0	0.000000	0	0.000000
323	C		0	0.000000	0	0.000000
324	A		0	0.000000	0	0.000000
325	A		0	0.000000	0	0.000000
326	A		0	0.000000	0	0.000000
327	A		0	0.000000	0	0.000000
328	C		0	0.000000	0	0.000000
329	G		0	0.000000	0	0.000000
330	A		0	0.000000	0	0.000000
331	A		0	0.000000	0	0.000000
332	T		0	0.000000	0	0.000000
333	C		0	0.000000	0	0.000000
334	A		0	0.000000	0	0.000000
335	A		0	0.000000	0	0.000000
336	A		0	0.000000	0	0.000000
337	C		0	0.000000	0	0.000000
338	G		0	0.000000	0	0.000000
339	T		0	0.000000	0	0.000000
340	A		0	0.000000	0	0.000000
341	T		0	0.000000	0	0.000000
342	T		0	0.000000	0	0.000000
343	T		0	0.000000	0	0.000000
344	C		0	0.000000	0	0.000000
345	T		0	0.000000	0	0.000000
346	G		0	0.000000	0	0.000000
347	A		0	0.000000	0	0.000000
348	A		0	0.000000	0	0.000000
349	A		0	0.000000	0	0.000000
350	T		0	0.000000	0	0.000000
351	T		0	0.000000	0	0.000000
352	G		0	0.000000	0	0.000000
353	A		0	0.000000	0	0.000000
354	A		0	0.000000	0	0.000000
355	A		0	0.000000	0	0.000000
356	A		0	0.000000	0	0.000000
357	A		0	0.000000	0	0.000000
358	A		0	0.000000	0	0.000000
359	T		0	0.000000	0	0.000000
360	G		0	0.000000	0	0.000000
361	G		0	0.000000	0	0.000000
362	A		0	0.000000	0	0.000000
363	A		0	0.000000	0	0.000000
364	G		0	0.000000	0	0.000000
365	A		0	0.000000	0	0.000000
366	A		0	0.000000	0	0.000000
367	G		0	0.000000	0	0.000000
368	A		0	0.000000	0	0.000000
369	T		0	0.000000	0	0.000000
370	G		0	0.000000	0	0.000000
371	G		0	0.000000	0	0.000000
372	T		0	0.000000	0	0.000000
373	T		0	0.000000	0	0.000000
374	T		0	0.000000	0	0.000000
375	A		0	0.000000	0	0.000000
376	T		0	0.000000	0	0.000000
377	T		0	0.000000	0	0.000000
378	C		0	0.000000	0	0.000000
379	G		0	0.000000	0	0.000000
380	A		0	0.000000	0	0.000000
381	A		0	0.000000	0	0.000000
382	G		0	0.000000	0	0.000000
383	T		0	0.000000	0	0.000000
384	A		0	0.000000	0	0.000000
385	T		0	0.000000	0	0.000000
386	T		0	0.000000	0	0.000000
387	A		0	0.000000	0	0.000000
388	C		0	0.000000	0	0.000000
389	C		0	0.000000	0	0.000000
390	T		0	0.000000	0	0.000000
391	A		0	0.000000	0	0.000000
392	A		0	0.000000	0	0.000000
393	A		0	0.000000	0	0.000000
394	A		0	0.000000	0	0.000000
395	A		0	0.000000	0	0.000000
396	A		0	0.000000	0	0.000000
397	G		0	0.000000	0	0.000000
398	A		0	0.000000	0	0.000000
399	A		0	0.000000	0	0.000000
400	G		0	0.000000	0	0.000000
401	T		0	0.000000	0	0.000000
402	A		0	0.000000	0	0.000000
403	G		0	0.000000	0	0.000000
404	T		0	0.000000	0	0.000000
405	A		0	0.000000	0	0.000000
406	G		0	0.000000	0	0.000000
407	A		0	0.000000	0	0.000000
408	A		0	0.000000	0	0.000000
409	C		0	0.000000	0	0.000000
410	T		0	0.000000	0	0.000000
411	T		0	0.000000	0	0.000000
412	A		0	0.000000	0	0.000000
413	A		0	0.000000	0	0.000000
414	A		0	0.000000	0	0.000000
415	A		0	0.000000	0	0.000000
416	A		0	0.000000	0	0.000000
417	A		0	0.000000	0	0.000000
418	G		0	0.000000	0	0.000000
419	A		0	0.000000	0	0.000000
420	A		0	0.000000	0	0.000000
421	T		0	0.000000	0	0.000000
422	A		0	0.000000	0	0.000000
423	C	T	1	0.008000	0	0.000000
424	G		0	0.000000	0	0.000000
425	A		0	0.000000	0	0.000000
426	C		0	0.000000	0	0.000000
427	C		0	0.000000	0	0.000000
428	G		0	0.000000	0	0.000000
429	T		0	0.000000	0	0.000000
430	T		0	0.000000	0	0.000000
431	T		0	0.000000	0	0.000000
432	A		0	0.000000	0	0.000000
433	A		0	0.000000	0	0.000000
434	T		0	0.000000	0	0.000000
435	C		0	0.000000	0	0.000000
436	A		0	0.000000	0	0.000000
437	A		0	0.000000	0	0.000000
438	A		0	0.000000	0	0.000000
439	T		0	0.000000	0	0.000000
440	T		0	0.000000	0	0.000000
441	C		0	0.000000	0	0.000000
442	T		0	0.000000	0	0.000000
443	T		0	0.000000	0	0.000000
444	A		0	0.000000	0	0.000000
445	G		0	0.000000	0	0.000000
446	G		0	0.000000	0	0.000000
447	C		0	0.000000	0	0.000000
448	G		0	0.000000	0	0.000000
449	G		0	0.000000	0	0.000000
450	A		0	0.000000	0	0.000000
451	A		0	0.000000	0	0.000000
452	T		0	0.000000	0	0.000000
453	T		0	0.000000	0	0.000000
454	C	A	1	0.008000	0	0.000000
455	G		0	0.000000	0	0.000000
456	T		0	0.000000	0	0.000000
457	G		0	0.000000	0	0.000000
458	A		0	0.000000	0	0.000000
459	T		0	0.000000	0	0.000000
460	A		0	0.000000	0	0.000000
461	T		0	0.000000	0	0.000000
462	G		0	0.000000	0	0.000000
463	A		0	0.000000	0	0.000000
464	A		0	0.000000	0	0.000000
465	A		0	0.000000	0	0.000000
466	T		0	0.000000	0	0.000000
467	C		0	0.000000	0	0.000000
468	A		0	0.000000	0	0.000000
469	A		0	0.000000	0	0.000000
470	T		0	0.000000	0	0.000000
471	G		0	0.000000	0	0.000000
472	C		0	0.000000	0	0.000000
473	C		0	0.000000	0	0.000000
474	T		0	0.000000	0	0.000000
475	C		0	0.000000	0	0.000000
476	A		0	0.000000	0	0.000000
477	A		0	0.000000	0	0.000000
478	G		0	0.000000	0	0.000000
479	C		0	0.000000	0	0.000000
480	A		0	0.000000	0	0.000000
481	T		0	0.000000	0	0.000000
482	T		0	0.000000	0	0.000000
483	A		0	0.000000	0	0.000000
484	T		0	0.000000	0	0.000000
485	T		0	0.000000	0	0.000000
486	C		0	0.000000	0	0.000000
487	G		0	0.000000	0	0.000000
488	T		0	0.000000	0	0.000000
489	A		0	0.000000	0	0.000000
490	G		0	0.000000	0	0.000000
491	T		0	0.000000	0	0.000000
492	T		0	0.000000	0	0.000000
493	G		0	0.000000	0	0.000000
494	A		0	0.000000	0	0.000000
495	C		0	0.000000	0	0.000000
496	C		0	0.000000	0	0.000000
497	C		0	0.000000	0	0.000000
498	A		0	0.000000	0	0.000000
499	C		0	0.000000	0	0.000000
500	G		0	0.000000	0	0.000000
501	T		0	0.000000	0	0.000000
502	A		0	0.000000	0	0.000000
503	A		0	0.000000	0	0.000000
504	A		0	0.000000	0	0.000000
505	G		0	0.000000	0	0.000000
506	A		0	0.000000	0	0.000000
507	G		0	0.000000	0	0.000000
508	C		0	0.000000	0	0.000000
509	G		0	0.000000	0	0.000000
510	T		0	0.000000	0	0.000000
511	A		0	0.000000	0	0.000000
512	A		0	0.000000	0	0.000000
513	T		0	0.000000	0	0.000000
514	G		0	0.000000	0	0.000000
515	C		0	0.000000	0	0.000000
516	A		0	0.000000	0	0.000000
517	A		0	0.000000	0	0.000000
518	T		0	0.000000	0	0.000000
519	T		0	0.000000	0	0.000000
520	G		0	0.000000	0	0.000000
521	C		0	0.000000	0	0.000000
522	T		0	0.000000	0	0.000000
523	G		0	0.000000	0	0.000000
524	A		0	0.000000	0	0.000000
525	A		0	0.000000	0	0.000000
526	G		0	0.000000	0	0.000000
527	C		0	0.000000	0	0.000000
528	T		0	0.000000	0	0.000000
529	C		0	0.000000	0	0.000000
530	G		0	0.000000	0	0.000000
531	T		0	0.000000	0	0.000000
532	A		0	0.000000	0	0.000000
533	A		0	0.000000	0	0.000000
534	A		0	0.000000	0	0.000000
535	T		0	0.000000	0	0.000000
536	T		0	0.000000	0	0.000000
537	A		0	0.000000	0	0.000000
538	A		0	0.000000	0	0.000000
539	A		0	0.000000	0	0.000000
540	T		0	0.000000	0	0.000000
541	A		0	0.000000	0	0.000000
542	T		0	0.000000	0	0.000000
543	T		0	0.000000	0	0.000000
544	C		0	0.000000	0	0.000000
545	C		0	0.000000	0	0.000000
546	T		0	0.000000	0	0.000000
547	A		0	0.000000	0	0.000000
548	T		0	0.000000	0	0.000000
549	C		0	0.000000	0	0.000000
550	G		0	0.000000	0	0.000000
551	T		0	0.000000	0	0.000000
552	A		0	0.000000	0	0.000000
553	G		0	0.000000	0	0.000000
554	G		0	0.000000	0	0.000000
555	T		0	0.000000	0	0.000000
556	A		0	0.000000	0	0.000000
557	T		0	0.000000	0	0.000000
558	C		0	0.000000	0	0.000000
559	G		0	0.000000	0	0.000000
560	T		0	0.000000	0	0.000000
561	T		0	0.000000	0	0.000000
562	G		0	0.000000	0	0.000000
563	A		0	0.000000	0	0.000000
564	C		0	0.000000	0	0.000000
565	A		0	0.000000	0	0.000000
566	C		0	0.000000	0	0.000000
567	T		0	0.000000	0	0.000000
568	A		0	0.000000	0	0.000000
569	A		0	0.000000	0	0.000000
570	C		0	0.000000	0	0.000000
571	T		0	0.000000	0	0.000000
572	G		0	0.000000	0	0.000000
573	T		0	0.000000	0	0.000000
574	G		0	0.000000	0	0.000000
575	A		0	0.000000	0	0.000000
576	T		0	0.000000	0	0.000000
577	C		0	0.000000	0	0.000000
578	C		0	0.000000	0	0.000000
579	T		0	0.000000	0	0.000000
580	G		0	0.000000	0	0.000000
581	A		0	0.000000	0	0.000000
582	C		0	0.000000	0	0.000000
583	G		0	0.000000	0	0.000000
584	A		0	0.000000	0	0.000000
585	A		0	0.000000	0	0.000000
586	A		0	0.000000	0	0.000000
587	T		0	0.000000	0	0.000000
588	T		0	0.000000	0	0.000000
589	G		0	0.000000	0	0.000000
590	A		0	0.000000	0	0.000000
591	C		0	0.000000	0	0.000000
592	T	A	1	0.008000	0	0.000000
593	A		0	0.000000	0	0.000000
594	C		0	0.000000	0	0.000000
595	G		0	0.000000	0	0.000000
596	T		0	0.000000	0	0.000000
597	T		0	0.000000	0	0.000000
598	A		0	0.000000	0	0.000000
599	T		0	0.000000	0	0.000000
600	C		0	0.000000	0	0.000000
601	C		0	0.000000	0	0.000000
602	C		0	0.000000	0	0.000000
603	A		0	0.000000	0	0.000000
604	G		0	0.000000	0	0.000000
605	C		0	0.000000	0	0.000000
606	A		0	0.000000	0	0.000000
607	A		0	0.000000	0	0.000000
608	A		0	0.000000	0	0.000000
609	C		0	0.000000	0	0.000000
610	G		0	0.000000	0	0.000000
611	A		0	0.000000	0	0.000000
612	C		0	0.000000	0	0.000000
613	G		0	0.000000	0	0.000000
614	A		0	0.000000	0	0.000000
615	T		0	0.000000	0	0.000000
616	G		0	0.000000	0	0.000000
617	C		0	0.000000	0	0.000000
618	T		0	0.000000	0	0.000000
619	A		0	0.000000	0	0.000000
620	T		0	0.000000	0	0.000000
621	C		0	0.000000	0	0.000000
622	C		0	0.000000	0	0.000000
623	G		0	0.000000	0	0.000000
624	T		0	0.000000	0	0.000000
625	G		0	0.000000	0	0.000000
626	C		0	0.000000	0	0.000000
627	G		0	0.000000	0	0.000000
628	G		0	0.000000	0	0.000000
629	T		0	0.000000	0	0.000000
630	T		0	0.000000	0	0.000000
631	A		0	0.000000	0	0.000000
632	A		0	0.000000	0	0.000000
633	A		0	0.000000	0	0.000000
634	T		0	0.000000	0	0.000000
635	T		0	0.000000	0	0.000000
636	A		0	0.000000	0	0.000000
637	T		0	0.000000	0	0.000000
638	T		0	0.000000	0	0.000000
639	A		0	0.000000	0	0.000000
640	A		0	0.000000	0	0.000000
641	C		0	0.000000	0	0.000000
642	T		0	0.000000	0	0.000000
643	G		0	0.000000	0	0.000000
644	C		0	0.000000	0	0.000000
645	T		0	0.000000	0	0.000000
646	A		0	0.000000	0	0.000000
647	A		0	0.000000	0	0.000000
648	A		0	0.000000	0	0.000000
649	A		0	0.000000	0	0.000000
650	T		0	0.000000	0	0.000000
651	G		0	0.000000	0	0.000000
652	G		0	0.000000	0	0.000000
653	C		0	0.000000	0	0.000000
654	A		0	0.000000	0	0.000000
655	G		0	0.000000	0	0.000000
656	A		0	0.000000	0	0.000000
657	T		0	0.000000	0	0.000000
658	G		0	0.000000	0	0.000000
659	C		0	0.000000	0	0.000000
660	A		0	0.000000	0	0.000000
661	A		0	0.000000	0	0.000000
662	T		0	0.000000	0	0.000000
663	C	T	1	0.008000	0	0.000000
664	T		0	0.000000	0	0.000000
665	T		0	0.000000	0	0.000000
666	A		0	0.000000	0	0.000000
667	G		0	0.000000	0	0.000000
668	A		0	0.000000	0	0.000000
669	A		0	0.000000	0	0.000000
670	G		0	0.000000	0	0.000000
671	G		0	0.000000	0	0.000000
672	T		0	0.000000	0	0.000000
673	C		0	0.000000	0	0.000000
674	A		0	0.000000	0	0.000000
675	A		0	0.000000	0	0.000000
676	C		0	0.000000	0	0.000000
677	A		0	0.000000	0	0.000000
678	A		0	0.000000	0	0.000000
679	G		0	0.000000	0	0.000000
680	G		0	0.000000	0	0.000000
681	C		0	0.000000	0	0.000000
682	G		0	0.000000	0	0.000000
683	T		0	0.000000	0	0.000000
684	T		0	0.000000	0	0.000000
685	T		0	0.000000	0	0.000000
686	C		0	0.000000	0	0.000000
687	T		0	0.000000	0	0.000000
688	A		0	0.000000	0	0.000000
689	A		0	0.000000	0	0.000000
690	T		0	0.000000	0	0.000000
691	G		0	0.000000	0	0.000000
692	A		0	0.000000	0	0.000000
693	A		0	0.000000	0	0.000000
694	G		0	0.000000	0	0.000000
695	A		0	0.000000	0	0.000000
696	A		0	0.000000	0	0.000000
697	G		0	0.000000	0	0.000000
698	T		0	0.000000	0	0.000000
699	A		0	0.000000	0	0.000000
700	G		0	0.000000	0	0.000000
701	C		0	0.000000	0	0.000000
702	T		0	0.000000	0	0.000000
703	G		0	0.000000	0	0.000000
704	C		0	0.000000	0	0.000000
705	A		0	0.000000	0	0.000000
706	G		0	0.000000	0	0.000000
707	A		0	0.000000	0	0.000000
708	A		0	0.000000	0	0.000000
709	C		0	0.000000	0	0.000000
710	A		0	0.000000	0	0.000000
711	A		0	0.000000	0	0.000000
712	A		0	0.000000	0	0.000000
713	A		0	0.000000	0	0.000000
714	C		0	0.000000	0	0.000000
715	A		0	0.000000	0	0.000000
716	T		0	0.000000	0	0.000000
717	C		0	0.000000	0	0.000000
718	G		0	0.000000	0	0.000000
719	A		0	0.000000	0	0.000000
720	T		0	0.000000	0	0.000000
721	T		0	0.000000	0	0.000000
722	T		0	0.000000	0	0.000000
723	A		0	0.000000	0	0.000000
724	G		0	0.000000	0	0.000000
725	A		0	0.000000	0	0.000000
726	T		0	0.000000	0	0.000000
727	G		0	0.000000	0	0.000000
728	A		0	0.000000	0	0.000000
729	A		0	0.000000	0	0.000000
730	A		0	0.000000	0	0.000000
731	A		0	0.000000	0	0.000000
732	A		0	0.000000	0	0.000000
733	G		0	0.000000	0	0.000000
734	A		0	0.000000	0	0.000000
735	A		0	0.000000	0	0.000000
736	A		0	0.000000	0	0.000000
737	A		0	0.000000	0	0.000000
738	A		0	0.000000	0	0.000000
739	T		0	0.000000	0	0.000000
740	C		0	0.000000	0	0.000000
741	A		0	0.000000	0	0.000000
742	G		0	0.000000	0	0.000000
743	A		0	0.000000	0	0.000000
744	A		0	0.000000	0	0.000000
745	G		0	0.000000	0	0.000000
746	A		0	0.000000	0	0.000000
747	A		0	0.000000	0	0.000000
748	A		0	0.000000	0	0.000000
749	C		0	0.000000	0	0.000000
750	A		0	0.000000	0	0.000000
751	G		0	0.000000	0	0.000000
752	A		0	0.000000	0	0.000000
753	A		0	0.000000	0	0.000000
754	G		0	0.000000	0	0.000000
755	C		0	0.000000	0	0.000000
756	A		0	0.000000	0	0.000000
757	A		0	0.000000	0	0.000000
758	C		0	0.000000	0	0.000000
759	T		0	0.000000	0	0.000000
760	G		0	0.000000	0	0.000000
761	A		0	0.000000	0	0.000000
762	A		0	0.000000	0	0.000000
763	G		0	0.000000	0	0.000000
764	A		0	0.000000	0	0.000000
765	A		0	0.000000	0	0.000000
766	T		0	0.000000	0	0.000000
767	A		0	0.000000	0	0.000000
768	A		0	0.000000	0	0.000000
